หลักฐานการสมัครและการส่งหลักฐานการสมัคร Portfolio,การสมัครผ่านระบบ www.admissions.kku.ac.th และส่งหลักฐานอัฟโหลดผ่านระบบเพียงช่องทางเดียวเท่านั้น
จบวุฒิ ปวส. สามารถสมัครเรียนได้หรือไม่,"คณะวิศวกรรมศาสตร์ เปิดสอนหลักสูตร 4 ปี ไม่มีหลักสูตรต่อเนื่อง 
ในการสมัครต้องใช้วุฒิการศึกษา ม. 6 หรือ ปวช. เปิดรับสมัครจำนวน 3 รอบ รอบที่ 1 Portfolio รอบที่ 2 โควตา ซึ่งเป็นการจบจากโรงเรียนในเขตพื้นที่ภาคตะวันออกเฉียงเหนือ โดยมีคะแนน NetSat และ TPAT 3 และรอบที่ 3 Admission โดยมีคะแนน TPAT 3 และ A-Level เมื่อรายงานตัวเป็นนักศึกษาจะสามารถทำเรื่องขอเทียบโอนรายวิชาที่เรียนจบจากวุฒิ ปวส. นำมาขอเทียบโอนรายวิชา โดยเนื้อหารายวิชาที่สามารถเทียบโอนได้ต้องมีเนื้อหาเหมือนกันไม่น้อยกว่า 80% สามารถดูรายละเอียดวิชาได้จากเว็บไซต์ www.en.kku.ac.th"
หากจบมัธยมศึกษาตอนปลาย สายศิลป์ สามารถสมัครเรียนได้หรือไม่,"หากจบจากโรงเรียนในเขตพื้นที่ภาคตะวันออกเฉียงเหนือ สามารถสมัครรอบที่ 2 โควตา โดยมีคะแนน NetSat และ TPAT 3 ได้ และสามารถสมัครรอบที่ 3 Admission โดยมีคะแนน TPAT 3 และ A-Level
สำหรับรอบที่ 1 Portfolio ไม่สามารถสมัครได้ เพราะต้องมีคะแนนกลุ่มวิชาคณิตศาสตร์ กลุ่มวิชาเคมี และกลุ่มวิชาฟิสิกส์ รวมทุกกลุ่มไม่ต่ำกว่า 3.00
สอบถามเพิ่มเติม ฝ่ายวิชาการ line official @176tafef"
ค่าธรรมเนียมการศึกษา,"สำหรับผู้เข้าศึกษา ตั้งแต่ปีการศึกษา 2568 เป็นต้นไป
ระดับปริญญาตรี หลักสูตรปกติ 20,000 บาท/เทอม
• วิศวกรรมโยธา 
• วิศวกรรมไฟฟ้า 
• วิศวกรรมเกษตร 
• วิศวกรรมอุตสาหการ 
• วิศวกรรมเครื่องกล 
• วิศวกรรมสิ่งแวดล้อม 
• วิศวกรรมเคมี 
• วิศวกรรมคอมพิวเตอร์ 
• วิศวกรรมระบบอิเล็กทรอนิกส์ 
• วิศวกรรมระบบอัตโนมัติ หุ่นยนต์ และปัญญาประดิษฐ์ 30,000 บาท/เทอม
หลักสูตรระดับปริญญาตรี หลักสูตรนานาชาติ 45,000 บาท/เทอม
1. วิศวกรรมโทรคมนาคม 
2. วิศวกรรมโลจิสติกส์ 
3. วิศวกรรมกระบวนการเคมี 
4. วิศวกรรมสื่อดิจิทัล 
• นักศึกษาต่างชาติ (กลุ่มประเทศในอนุภูมิภาคลุ่มแม่น้ำโขง) ค่าธรรมเนียมภาคการศึกษาละ 45,000 บาท และค่าธรรมเนียมพิเศษ ภาคการศึกษาละ 5,000 บาท รวมชำระ 50,000 บาทต่อเทอม
• นักศึกษาต่างชาติประเทศอื่นๆ ค่าธรรมเนียมภาคการศึกษาละ 60,000 บาท และค่าธรรมเนียมพิเศษ ภาคการศึกษาละ 5,000 บาท รวมชำระ 65,000 บาทต่อเทอม และมีค่าธรรมเนียมแรกเข้าชำระเพียงครั้งเดียวในเทอมแรก 10,000 บาท
ระดับบัณฑิตศึกษา 
• ภาคปกติ
ป.โท 30,000 บาทต่อเทอม
ป.เอก 37,500 บาทต่อเทอม
• โครงการพิเศษ
ป.โท 40,000 บาทต่อเทอม
ป.เอก 47,500 บาทต่อเทอม
• นักศึกษาต่างชาติ ชำระเพิ่มอีกค่าธรรมเนียมนักศึกษาต่างชาติ เทอมละ 15,000 บาท
สอบถามเพิ่มเติม ฝ่ายวิชาการ line official @176tafef"
หลักสูตรระดับปริญญาตรี หลักสูตรนานาชาติ,"เปิดสอนจำนวน 4 หลักสูตร ได้แก่ 
1. วิศวกรรมโทรคมนาคม (Telecommunications Engineering) 
2. วิศวกรรมโลจิสติกส์ (Logistics Engineering) 
3. วิศวกรรมกระบวนการเคมี (Chemical Process Engineering)
4. วิศวกรรมสื่อดิจิทัล (Digital Media Engineering)
สามารถดูรายละเอียดของหลักสูตรได้ที่ 
https://www.en.kku.ac.th/web/หลักสูตร
สอบถามเพิ่มเติม ฝ่ายวิชาการ line official @176tafef"
รายชื่อโรงเรียนที่เข้าร่วมโครงการรับนักเรียนที่มีศักยภาพสูงด้านวิศวกรรมศาสตร์,"สามารถตรวจสอบรายชื่อโรงเรียน MOU ได้ที่ 
https://www.en.kku.ac.th/web/โรงเรียน-mou"
สอบถามเกี่ยวกับเรียนต่อในระดับปริญญาตรี,"การรับนักเรียนเข้าศึกษาคณะวิศวกรรมศาสตร์ สามารถดูรายละเอียดได้ที่ https://www.en.kku.ac.th/web/วิธีรับเข้าศึกษา 
หรือสอบถามเพิ่มเติม ฝ่ายวิชาการ line official @176tafef"
สอบถามเกี่ยวกับหลักสูตรการเรียนการสอน,"เปิดสอนจำนวน 14 หลักสูตร ได้แก่หลักสูตรปกติ จำนวน 10 หลักสูตร และหลักสูตรนานาชาติ จำนวน 4 หลักสูตร 
สามารถดูรายละเอียดของหลักสูตรได้ที่ 
https://www.en.kku.ac.th/web/หลักสูตร
หรือสอบถามเพิ่มเติม ฝ่ายวิชาการ line official @176tafef"
สอบถามด้านการเรียนต่างๆ,"การเรีนการสอนแบ่งออกเป็น 2 ภาคการศึกษา ได้แก่ ภาคการศึกษาต้น และภาคการศึกษาปลาย โดย 1 ภาคการศึกษาใช้ระยะเวลาศึกษา ไม่น้อยกว่า 15 สัปดาห์ ภาคการศึกษาต้น เปิดเทอม มิ.ย. - ต.ค. ภาคการศึกษาปลาย พ.ย. - มี.ค. 
หรือ สอบถามเพิ่มเติม ฝ่ายวิชาการ line official @176tafef"
สอบถามเรื่อง การผ่อนผันค่าเทอม,"นักศึกษาสามารถยื่นคำร้องขอผ่อนผันค่าธรรมเนียมการศึกษาได้ในกรณีที่มีเหตุความจำเป็น โดยสามารถยื่นคำร้องขอผ่อนผันค่าธรรมเนียมการศึกษาผ่านระบบ https://req.kku.ac.th/ 
หรือ สอบถามเพิ่มเติม ฝ่ายวิชาการ line official @176tafef"
สอบถามเรื่อง คนต่างชาติ สามารถสมัครเรียนได้ไหม,"กรณีผู้สมัครเป็นคนต่างชาติ ไม่สามารถสื่อสารภาษาไทยได้ สามารถเข้าศึกษาในหลักสูตรนานาชาติ และกรณีผู้สมัครเป็นคนต่างชาติแต่สามารถใช้ภาษาไทยและสื่อสารภาษาไทยได้เป็นอย่างดี สามารถสมัครเข้าศึกษาหลักสูตรปกติได้ 
หรือ สอบถามเพิ่มเติม ฝ่ายวิชาการ line official @176tafef"
สอบถามเรื่อง ตาบอดสี สามารถสมัครเรียนได้ไหม,"กรณีตาบอดสีที่ไม่เป็นอุปสรรคต่อการเรียนสามารถเข้าศึกษาได้ แต่หากตาบอดสีที่เป็นอุปกรณ์ในการเรียน เช่น ไม่สามารถแยกสีแดง สีเขียว สีเหลือง ได้ ก็ไม่สามารถเข้าศึกษาหลักสูตรวิศวกรรมไฟฟ้า วิศวกรรมโทรคมนาคม วิศวกรรมระบบอิเล็กทรอนิกส์ 
สอบถามเพิ่มเติม ฝ่ายวิชาการ line official @176tafef"
สอบถามเรื่อง การถอนวิชาที่เรียน,"กรณีถอนรายวิชาไม่ติดสัญลักษณ์ W นักศึกษาสามารถถอนรายวิชาเรียน ผ่านระบบ https://reg.kku.ac.th ก่อนวันสอบกลางภาค
กรณีถอนรายวิชาติดสัญลักษณ์ W นักศึกษาสามารถถอนรายวิชาเรียน ผ่านระบบ https://req.kku.ac.th ก่อนสอบปลายภาค 1 สัปดาห์ 
สอบถามเพิ่มเติม ฝ่ายวิชาการ line official @176tafef"
สอบถามเรื่อง การกู้ยืม กยศ,"นักศึกษาสามารถศึกษารายละเอียดการกู้ยืมเงิน กยศ. ได้ที่
https://sac.kku.ac.th/กยศ
สอบถามเพิ่มเติม ฝ่ายวิชาการ line official @176tafef"
สอบถามเรื่อง คืนสภาพนักศึกษา,"นักศึกษาสามารถขอคืนสภาพการเป็นนักศึกษาได้เพียง 1 ครั้ง ในกรณีที่
1.ลาออก 2.พ้นสภาพการเป็นนักศึกษาเนื่องจากไม่ต่อทะเบียน 
โดยนักศึกษาต้องยื่นคำร้องก่อนเปิดภาคการศึกษาเป็นเวลาอย่างน้อย 6 สัปดาห์ ผ่านระบบ https://req.kku.ac.th
สอบถามเพิ่มเติม ฝ่ายวิชาการ line official @176tafef"
สอบถามเรื่อง การยื่นสำเร็จการศึกษา,"เมื่อนักศึกษาเรียนครบหลักสูตร ผ่านเกณฑ์บังคับรายวิชาของหลักสูตร ผ่านการสอบวัดความถนัดทางคอมพิวเตอร์ และการสอบวัดความถนัดด้านภาษาอังกฤษ นักศึกษาสามารถยื่นคำร้องขอสำเร็จการศึกษา ผ่านระบบ https://reg.kku.ac.th
สอบถามเพิ่มเติม ฝ่ายวิชาการ line official @176tafef"
สอบถามเรื่อง การลงเรียนซัมเมอร์,"การลงทะเบียนซัมเมอร์ นักศึกษาสามารถลงทะเบียนได้ไม่เกิน 9 หน่วยกิต และชำระค่าธรรมเนียมการศึกษากึ่งหนึ่ง ของค่าธรรมเนียมการศึกษาปกติ
สอบถามเพิ่มเติม ฝ่ายวิชาการ line official @176tafef"
สอบถามเรื่อง การทดสอบภาษาอังกฤษ,"กรณีนักศึกษาทดสอบภาษาอังกฤษระบบ kept Exit ให้ดำเนินการสมัครผ่านเว็บ
https://kept.kku.ac.th/web/pages/start 
กรณีนักศึกษามีผลภาษาอังกฤษประเภทอื่น เช่น TOEIC, TOEFL, IELTS สามารถยื่นคะแนนได้ที่ https://kept.kku.ac.th เลือกประเภท “สำหรับนักศึกษา” เพื่อ login เข้าสู่ระบบ เลือกเมนู “ยื่นคะนน” และเลือกประเภทคะแนนที่ต้องการยื่น
สอบถามเพิ่มเติม ฝ่ายวิชาการ line official @176tafef"
สอบถามเรื่อง Open House,"สอบถามเพิ่มเติม ฝ่ายวิชาการ line official @176tafef
หรือ https://www.facebook.com/ENKKUAcademicAffairsDivision"
สอบถามเกี่ยวกับหลักสูตรบัณฑิตศึกษา,สอบถามเพิ่มเติม หน่วยบัณฑิตศึกษา 043-009700 ต่อ 50223 หรือ 50225
สอบถามเรื่อง การขอเข้าศึกษาดูงาน,สอบถามที่งานสารบรรณ คณะวิศวฯ โทร 043-009700 ต่อ 50201 ในวันและเวลาราชการ
สอบถามเรื่อง งานรับพระราชทานปริญญาบัตร,หน่วยพัฒนานักศึกษาฯ โทร. 043-009700 ต่อ 50228 ในวันและเวลาราชการ
สอบถามเรื่อง Job fair คณะวิศวกรรมศาสตร์,หน่วยพัฒนานักศึกษาฯ โทร. 043-009700 ต่อ 50228 ในวันและเวลาราชการ
สอบถามเรื่อง การเช่าใช้พื้นที่ของคณะ,หน่วยอาคารสถานที่ โทร.043-009700 ต่อ 45653
หลักสูตรเตรียมวิศวกรรมศาสตร์ (Pre - Engineering),สอบถามได้ที่ ศูนย์นวัตกรรมและบริการวิศวกรรม คณะวิศวกรรมศาสตร์ https://www.facebook.com/IENSKKU/
"หลักสูตรอบรมสำหรับเด็ก
Coding for High School
Digital Lab for Computer Engineer
Advance Coding with Micro Python","ศูนย์นวัตกรรมและบริการวิศวกรรม คณะวิศวกรรมศาสตร์ https://www.facebook.com/IENSKKU/
หรือติดต่อสอบถามเพิ่มเติม
093 538 2435 พี่ป๊อด หรือ Line official : @759slkbe"
การบริการเครื่องมือตรวจวัดและทดสอบวัสดุ,https://kku.world/5ivuix
ห้องสมุดภูมิภิรมย์ คณะวิศวกรรมศาสตร์ มข. Engineering Library,https://www.facebook.com/kkuenglib
การเรียนการสอนวิศวกรรมโยธา,"https://www.en.kku.ac.th/web/civil/
https://www.facebook.com/CivilEngKKU"
การเรียนการสอนวิศวกรรมสื่อดิจิทัล,https://www.facebook.com/DMEKKU/?locale=th_TH
การเรียนการสอนวิศวกรรมไฟฟ้า,https://www.en.kku.ac.th/web/electrical/
การเรียนการสอนวิศวกรรมเกษตร,https://www.en.kku.ac.th/web/ae/
การเรียนการสอนวิศวกรรมอุตสาหการ,"https://www.en.kku.ac.th/web/ie/ 
www.facebook.com/KKUENIE"
การเรียนการสอนวิศวกรรมเครื่องกล,https://www.en.kku.ac.th/web/mech/
การเรียนการสอนวิศวกรรมสิ่งแวดล้อม,https://www.en.kku.ac.th/web/envi/
การเรียนการสอนวิศวกรรมเคมี,https://www.en.kku.ac.th/web/en/chemicalinfo/
การเรียนการสอนวิศวกรรมคอมพิวเตอร์,https://gear.kku.ac.th/
การเรียนการสอนวิศวกรรมระบบอัตโนมัติ หุ่นยนต์ และปัญญาประดิษฐ์,https://www.facebook.com/KKUARIS/
การเรียนการสอนวิศวกรรมโทรคมนาคม,https://www.facebook.com/telecomkku/?locale=th_TH
การเรียนการสอนวิศวกรรมโลจิสติกส์,https://www.facebook.com/LogisticsENinter/
การเรียนการสอนวิศวกรรมกระบวนการเคมี,https://www.facebook.com/p/Chemical-Process-Engineering-KKU-100057064525062/
How do I register for courses normally?,- Register through https://reg.kku.ac.th/ where students can register for 1-15 credits<br>- Confirm registration and pay fees through a bank or QR code as specified on the fee notification<br>- Complete within dates and times announced in the university's academic calendar
What types of course registration are available?,- Normal credit registration: GD (grades A-F)<br>- Non-credit registration: AU (grades S or U)<br>- Thesis course registration: SU (grade S with specified credits that passed)
How do I register for fewer than 3 credits in my final semester and pay half tuition?,"- Submit online petition form BV.9 through gs forms at https://forms.gs.kku.ac.th/<br>- Attach transcript in the gs forms system<br>- Wait for approval; once approved, staff will unlock registration for remaining credits<br>- Print BV.9 form from gs forms system<br>- Register through https://reg.kku.ac.th/ and confirm registration<br>- Take BV.9 documents and transcript to the Registration Office at Pimolkalakit Building<br>- Staff will verify documents and adjust tuition to half price<br>- Log into https://reg.kku.ac.th/, check expenses menu to see reduced fees, and pay through a bank"
How do I maintain student status?,"- Submit online petition form BV.13 through gs forms at https://forms.gs.kku.ac.th/<br>- Wait for approval; once approved, pay the status maintenance fee of 2,500 baht in the gs forms system at the Office of Academic Administration and Development, 1st floor, Pimolkalakit Building"
How do I maintain student status while waiting for thesis publication approval?,"- Submit online petition form BV.13-1 through gs forms at https://forms.gs.kku.ac.th/<br>- Attach transcript, English test results, thesis examination results, evidence of submitting the complete thesis, and publication submission documents<br>- Wait for approval; staff will proceed with the next steps"
How do I take a leave of absence?,"- Submit online petition form BV.14 through gs forms at https://forms.gs.kku.ac.th/<br>- Wait for approval; once approved, pay the leave of absence fee of 2,500 baht in the gs forms system or at the Office of Academic Administration and Development, 1st floor, Pimolkalakit Building"
How do I withdraw from being a student?,- Submit online petition form BV.15 through gs forms at https://forms.gs.kku.ac.th/<br>- Wait for approval; staff will proceed with the next steps
What if I miss the university's deadline for registration/status maintenance/leave of absence?,"- Register through https://reg.kku.ac.th/ during the late registration period set by the university, with a late fee of 50 baht per day<br>- If you miss the late registration period, you must submit a written petition at the faculty for approval by the course instructor, program chair, staff, and dean, with a late fee of 50 baht per day starting from the late registration period"
How do I register for thesis courses?,- Submit online petition form BV.21 through gs forms at https://forms.gs.kku.ac.th/<br>- Upload advisor's CV and academic work evidence in the system<br>- Graduate Studies Unit will process in the Back Office system to allow students to register for thesis courses in https://reg.kku.ac.th/
How do I submit English test results or training certificates?,- Print test scores or training results that have passed<br>- Submit to Graduate Studies Unit staff to forward to Graduate School for official announcement<br>- Master's degree students must pass English requirements before thesis examination<br>- Doctoral students must pass English requirements before dissertation examination
ค่าธรรมเนียมการศึกษาระดับปริญญาโท ภาคปกติ เป็นเท่าไร?,"ป.โท ภาคปกติ 30,000 บาทต่อเทอม"
ค่าธรรมเนียมการศึกษาระดับปริญญาเอก ภาคปกติ เป็นเท่าไร?,"ป.เอก ภาคปกติ 37,500 บาทต่อเทอม"
ค่าธรรมเนียมการศึกษาระดับปริญญาโท โครงการพิเศษ เป็นเท่าไร?,"ป.โท โครงการพิเศษ 40,000 บาทต่อเทอม"
ค่าธรรมเนียมการศึกษาระดับปริญญาเอก โครงการพิเศษ เป็นเท่าไร?,"ป.เอก โครงการพิเศษ 47,500 บาทต่อเทอม"
นักศึกษาต่างชาติระดับบัณฑิตศึกษาต้องจ่ายค่าธรรมเนียมพิเศษเพิ่มเติมเท่าไร?,"นักศึกษาต่างชาติระดับบัณฑิตศึกษา ต้องชำระค่าธรรมเนียมพิเศษเพิ่มเติม เทอมละ 15,000 บาท"
นักศึกษาต่างชาติที่เรียนปริญญาโท ภาคปกติ ต้องจ่ายค่าธรรมเนียมรวมทั้งหมดเท่าไร?,"ค่าธรรมเนียมปกติ 30,000 บาท + ค่าธรรมเนียมนักศึกษาต่างชาติ 15,000 บาท = 45,000 บาทต่อเทอม"
นักศึกษาต่างชาติที่เรียนปริญญาเอก ภาคปกติ ต้องจ่ายค่าธรรมเนียมรวมทั้งหมดเท่าไร?,"ค่าธรรมเนียมปกติ 37,500 บาท + ค่าธรรมเนียมนักศึกษาต่างชาติ 15,000 บาท = 52,500 บาทต่อเทอม"
ค่าธรรมเนียมหลักสูตรนานาชาติ ระดับปริญญาตรี เป็นเท่าไร?,"45,000 บาทต่อเทอม"
หลักสูตรนานาชาติระดับปริญญาตรี มีสาขาวิชาอะไรบ้าง?,วิศวกรรมโทรคมนาคม วิศวกรรมโลจิสติกส์ วิศวกรรมกระบวนการเคมี (เคมี) และวิศวกรรมดิจิทัล
สาขาวิศวกรรมโยธา ระดับปริญญาตรี มีค่าธรรมเนียมเท่าไร?,"20,000 บาทต่อเทอม"
สาขาวิศวกรรมไฟฟ้า ระดับปริญญาตรี มีค่าธรรมเนียมเท่าไร?,"20,000 บาทต่อเทอม"
สาขาวิศวกรรมเกษตร ระดับปริญญาตรี มีค่าธรรมเนียมเท่าไร?,"20,000 บาทต่อเทอม"
สาขาวิศวกรรมอุตสาหการ ระดับปริญญาตรี มีค่าธรรมเนียมเท่าไร?,"20,000 บาทต่อเทอม"
สาขาวิศวกรรมเครื่องกล ระดับปริญญาตรี มีค่าธรรมเนียมเท่าไร?,"20,000 บาทต่อเทอม"
สาขาวิศวกรรมสิ่งแวดล้อม ระดับปริญญาตรี มีค่าธรรมเนียมเท่าไร?,"20,000 บาทต่อเทอม"
สาขาวิศวกรรมเคมี ระดับปริญญาตรี มีค่าธรรมเนียมเท่าไร?,"20,000 บาทต่อเทอม"
สาขาวิศวกรรมคอมพิวเตอร์ ระดับปริญญาตรี มีค่าธรรมเนียมเท่าไร?,"20,000 บาทต่อเทอม"
สาขาวิศวกรรมระบบอิเล็กทรอนิกส์ ระดับปริญญาตรี มีค่าธรรมเนียมเท่าไร?,"20,000 บาทต่อเทอม"
"หลักสูตรปกติ ระดับปริญญาตรี ที่มีค่าธรรมเนียม 30,000 บาทต่อเทอม มีสาขาใดบ้าง?",วิศวกรรมระบบอัตโนมัติ หุ่นยนต์ และปัญญาประดิษฐ์
นักศึกษาต่างชาติในกลุ่มประเทศอาเซียนที่เรียนหลักสูตรนานาชาติต้องจ่ายค่าธรรมเนียมรวมทั้งหมดเท่าไร?,"รวมทั้งหมด 50,000 บาทต่อเทอม (45,000 + 5,000)"
นักศึกษาต่างชาติที่ไม่ได้อยู่ในกลุ่มประเทศอาเซียนที่เรียนหลักสูตรนานาชาติต้องจ่ายค่าธรรมเนียมรวมทั้งหมดเท่าไร?,"รวมทั้งหมด 65,000 บาทต่อเทอม (60,000 + 5,000)"
นักศึกษาต่างชาติที่ไม่ได้อยู่ในกลุ่มประเทศอาเซียนมีค่าธรรมเนียมแรกเข้าเพิ่มเติมหรือไม่?,"มีค่าธรรมเนียมแรกเข้าชำระเพียงครั้งเดียวในเทอมแรก 10,000 บาท"
ช่องทางติดต่อสำหรับนักศึกษาระดับปริญญาตรี คณะวิศวกรรมศาสตร์ มหาวิทยาลัยขอนแก่นมีช่องทางใดบ้าง?,"สามารถติดต่อได้ทาง Line Official Account ""งานการศึกษา ENGKU"""
Line Official Account ของงานการศึกษา คณะวิศวกรรมศาสตร์ ชื่ออะไร?,"""งานการศึกษา ENGKU"""
นักศึกษาสามารถสอบถามข้อมูลเกี่ยวกับเรื่องใดได้บ้างผ่านช่องทางนี้?,- ข้อสงสัยต่างๆ<br>- ข้อมูลประชาสัมพันธ์ต่างๆ<br>- เรื่องเกี่ยวกับงานการศึกษาและพัฒนาทักษะการเรียนรู้
วิธีการเข้าถึง Line Official Account ของงานการศึกษา คณะวิศวกรรมศาสตร์ ทำได้อย่างไร?,https://line.me/R/ti/p/@176tafef
ช่องทางนี้ให้บริการสำหรับนักศึกษาระดับใด?,นักศึกษาระดับปริญญาตรี
ช่องทางนี้เป็นของคณะและมหาวิทยาลัยใด?,คณะวิศวกรรมศาสตร์ มหาวิทยาลัยขอนแก่น
หน่วยงานใดเป็นผู้ดูแลช่องทางการติดต่อนี้?,งานการศึกษาและพัฒนาทักษะการเรียนรู้ คณะวิศวกรรมศาสตร์
LINE Official Account นี้มีชื่อย่อว่าอะไร?,ENGKU
LINE Official Account นี้รองรับการสอบถามเรื่องใดบ้าง?,ข้อสงสัยสอบถาม ข้อมูลประชาสัมพันธ์ต่างๆ และเรื่องเกี่ยวกับงานการศึกษา
ข้อดีของการใช้ Line Official Account ในการติดต่อสื่อสารคืออะไร?,สะดวก รวดเร็ว เข้าถึงง่าย สามารถติดต่อได้ตลอดเวลา และเป็นช่องทางที่นักศึกษาคุ้นเคย
นักศึกษาสามารถใช้ช่องทางนี้เมื่อใด?,สามารถใช้ได้ตลอดเวลาที่ต้องการสอบถามข้อมูลหรือต้องการความช่วยเหลือเกี่ยวกับงานการศึกษา
การติดต่อผ่าน Line Official Account มีค่าใช้จ่ายหรือไม่?,ไม่มีค่าใช้จ่าย นักศึกษาสามารถใช้บริการได้ฟรี
ข้อมูลประชาสัมพันธ์ที่สามารถรับได้จากช่องทางนี้อาจมีอะไรบ้าง?,กำหนดการลงทะเบียน ปฏิทินการศึกษา ประกาศสำคัญ ทุนการศึกษา กิจกรรมของคณะ และข่าวสารสำคัญอื่นๆ
นักศึกษาสามารถขอคำปรึกษาเรื่องการเรียนผ่านช่องทางนี้ได้หรือไม่?,ได้ เนื่องจากเป็นช่องทางสำหรับงานการศึกษาและพัฒนาทักษะการเรียนรู้
มีประโยชน์อย่างไรที่คณะวิศวกรรมศาสตร์มี LINE Official Account?,ช่วยให้การสื่อสารระหว่างนักศึกษาและคณะฯ มีประสิทธิภาพมากขึ้น ลดขั้นตอนการติดต่อ และสามารถให้ข้อมูลได้รวดเร็วทันท่วงที
หากต้องการติดต่อเรื่องเร่งด่วน สามารถใช้ช่องทางนี้ได้หรือไม่?,ได้ แต่ควรคำนึงถึงช่วงเวลาทำการของเจ้าหน้าที่ด้วย
นักศึกษาต่างชาติสามารถใช้ช่องทางนี้ได้หรือไม่?,ได้ แต่อาจต้องสื่อสารด้วยภาษาไทยหรือภาษาอังกฤษตามที่ระบบรองรับ
การลงทะเบียนปกติ จะต้องดำเนินการอย่างไรบ้าง,ดำเนินการผ่าน https://reg.kku.ac.th/ โดยนักศึกษาจะสามารถลงทะเบียนได้ 1-15 หน่วยกิต ยืนยันการลงทะเบียน และชำระเงินผ่านธนาคาร หรือ QR code ตามที่ระบุในใบแจ้งค่าธรรมเนียม ภายในวันและเวลาที่ปฏิทินการศึกษาของมหาวิทยาลัยประกาศเป็นรายปี
ประเภทของการลงทะเบียน มีแบบไหนบ้าง,- การลงทะเบียนแบบนับหน่วยกิต คือ GD (เกรด A-F) - การลงทะเบียนแบบไม่นับหน่วยกิต คือ AU (เกรด S หรือ U) - การลงทะเบียนรายวิชาวิทยานิพนธ์ คือ SU (เกรด S ระบุหน่วยกิตที่ผ่าน)
การขอลงทะเบียนน้อยกว่าหรือเท่ากับ 3 หน่วยกิตสุดท้าย และขอชำระค่าเทอมครึ่งหนึ่ง จะต้องดำเนินการอย่างไรบ้าง,ยื่นคำร้องออนไลน์ บว 9 ผ่าน gs forms ที่ https://forms.gs.kku.ac.th/ และแนบผลการเรียน รอพิจารณาอนุมัติ เมื่อได้รับอนุมัติแล้ว เจ้าหน้าที่จะปลดล็อกให้สามารถลงทะเบียนได้ ลงทะเบียนผ่าน https://reg.kku.ac.th/ และดำเนินการตามขั้นตอนที่กำหนด
การรักษาสภาพนักศึกษา จะต้องดำเนินการอย่างไรบ้าง,"ยื่นคำร้องออนไลน์ บว.13 ผ่าน gs forms ที่ https://forms.gs.kku.ac.th/ รอพิจารณาอนุมัติ แล้วชำระค่าธรรมเนียมรักษาสถานภาพ 2,500 บาท"
การรักษาสภาพนักศึกษา (กรณีรอการยอมรับให้ตีพิมพ์ผลงานวิทยานิพนธ์) จะต้องดำเนินการอย่างไรบ้าง,ยื่นคำร้องออนไลน์ บว.13-1 ผ่าน gs forms ที่ https://forms.gs.kku.ac.th/ พร้อมแนบเอกสารที่เกี่ยวข้อง รอพิจารณาอนุมัติ
การลาพักการศึกษา จะต้องดำเนินการอย่างไรบ้าง,"ยื่นคำร้องออนไลน์ บว.14 ผ่าน gs forms ที่ https://forms.gs.kku.ac.th/ รอพิจารณาอนุมัติ และชำระค่าธรรมเนียม 2,500 บาท"
การลาออกจากการเป็นนักศึกษา จะต้องดำเนินการอย่างไรบ้าง,ยื่นคำร้องออนไลน์ บว.15 ผ่าน gs forms ที่ https://forms.gs.kku.ac.th/ รอพิจารณาอนุมัติ
ลงทะเบียน/รักษาสภาพ/ลาพัก ไม่ทันตามที่มหาวิทยาลัยกำหนด ต้องดำเนินการอย่างไรบ้าง,ดำเนินการผ่าน https://reg.kku.ac.th/ ช่วงลงทะเบียนล่าช้า โดยมีค่าปรับวันละ 50 บาท หากพ้นกำหนดต้องเขียนคำร้องที่คณะฯ
การลงทะเบียนเรียนรายวิชาวิทยานิพนธ์สามารถดำเนินการอย่างไรบ้าง,ยื่นคำร้องออนไลน์ บว.21 ผ่าน gs forms ที่ https://forms.gs.kku.ac.th/ รอเจ้าหน้าที่ดำเนินการให้สามารถลงทะเบียนได้
การส่งผลการสอบและผลการอบรมภาษาอังกฤษ จะต้องดำเนินการอย่างไรบ้าง,นักศึกษาปริ้นท์ผลคะแนน หรือผลการอบรมที่ผ่านแล้ว นำส่งที่หน่วยบัณฑิตศึกษาเพื่อดำเนินการต่อ
การแต่งตั้ง/เปลี่ยนแปลงอาจารย์ที่ปรึกษา จะต้องดำเนินการอย่างไรบ้าง,ยื่นคำร้องออนไลน์ บว.21 ผ่าน gs forms ที่ https://forms.gs.kku.ac.th/ และอัพโหลดประวัติอาจารย์ รอพิจารณาอนุมัติ
การเปลี่ยนชื่อเรื่องวิทยานิพนธ์ จะต้องดำเนินการอย่างไรบ้าง,ยื่นคำร้องออนไลน์ บว.24 ผ่าน gs forms ที่ https://forms.gs.kku.ac.th/ รอพิจารณาอนุมัติ
การขอสอบวัดคุณสมบัติ มีขั้นตอนอย่างไรบ้าง (เฉพาะนักศึกษาระดับปริญญาเอก),ยื่นคำร้องออนไลน์ บว.30 ผ่าน gs forms ที่ https://forms.gs.kku.ac.th/ ก่อนวันสอบ 20 วัน และดำเนินการตามขั้นตอนที่กำหนด
ขั้นตอนการแจ้งผลสอบวัดคุณสมบัติ จะต้องดำเนินการอย่างไรบ้าง,พิมพ์ บว.32 จาก gs forms และให้คณะกรรมการลงนาม ส่งเอกสารที่หน่วยบัณฑิตศึกษา ภายใน 15 วันหลังสอบ
ขั้นตอนการขอสอบประมวลความรู้ จะต้องดำเนินการอย่างไรบ้าง (เฉพาะนักศึกษาหลักสูตรพลังงาน แผน ข),ยื่นคำร้องออนไลน์ บว.30 ผ่าน gs forms ที่ https://forms.gs.kku.ac.th/ ก่อนวันสอบ 20 วัน และดำเนินการตามขั้นตอนที่กำหนด
ขั้นตอนการแจ้งผลการสอบประมวลความรู้ จะต้องดำเนินการอย่างไรบ้าง,พิมพ์ บว.32 จาก gs forms และให้คณะกรรมการลงนาม ส่งเอกสารที่หน่วยบัณฑิตศึกษา ภายใน 15 วันหลังสอบ
"Division of Research, Graduate, and International Affairs",https://www.en.kku.ac.th/web/%E0%B8%87%E0%B8%B2%E0%B8%99%E0%B8%9A%E0%B8%A3%E0%B8%B4%E0%B8%81%E0%B8%B2%E0%B8%A3%E0%B8%A7%E0%B8%B4%E0%B8%8A%E0%B8%B2%E0%B8%81%E0%B8%B2%E0%B8%A3%E0%B9%81%E0%B8%A5%E0%B8%B0%E0%B8%A7%E0%B8%B4%E0%B8%88/#1522814877646-72797800-215f
งานวิจัย บัณฑิตศึกษา และการต่างประเทศ,https://www.en.kku.ac.th/web/%E0%B8%87%E0%B8%B2%E0%B8%99%E0%B8%9A%E0%B8%A3%E0%B8%B4%E0%B8%81%E0%B8%B2%E0%B8%A3%E0%B8%A7%E0%B8%B4%E0%B8%8A%E0%B8%B2%E0%B8%81%E0%B8%B2%E0%B8%A3%E0%B9%81%E0%B8%A5%E0%B8%B0%E0%B8%A7%E0%B8%B4%E0%B8%88/#1522814877646-72797800-215f
รางวัลการตีพิมพ์เผยแพร่ผลงานวิจัยในระดับนานาชาติ,https://www.en.kku.ac.th/web/1-%E0%B8%A3%E0%B8%B2%E0%B8%87%E0%B8%A7%E0%B8%B1%E0%B8%A5%E0%B8%81%E0%B8%B2%E0%B8%A3%E0%B8%95%E0%B8%B5%E0%B8%9E%E0%B8%B4%E0%B8%A1%E0%B8%9E%E0%B9%8C%E0%B9%80%E0%B8%9C%E0%B8%A2%E0%B9%81%E0%B8%9E/
รางวัลผลงานวิจัยที่ได้รับสิทธิบัตร/อนุสิทธิบัตร/ลิขสิทธิ์,http://www.en.kku.ac.th/web/2-%E0%B8%A3%E0%B8%B2%E0%B8%87%E0%B8%A7%E0%B8%B1%E0%B8%A5%E0%B8%9C%E0%B8%A5%E0%B8%87%E0%B8%B2%E0%B8%99%E0%B8%A7%E0%B8%B4%E0%B8%88%E0%B8%B1%E0%B8%A2%E0%B8%97%E0%B8%B5%E0%B9%88%E0%B9%84%E0%B8%94%E0%B9%89/
รางวัลผลงานวิจัยหรืองานสร้างสรรค์ที่นำไปใช้ประโยชน์ และการเผยแพร่ความรู้สู่สังคม,http://www.en.kku.ac.th/web/3-%E0%B8%A3%E0%B8%B2%E0%B8%87%E0%B8%A7%E0%B8%B1%E0%B8%A5%E0%B8%9C%E0%B8%A5%E0%B8%87%E0%B8%B2%E0%B8%99%E0%B8%A7%E0%B8%B4%E0%B8%88%E0%B8%B1%E0%B8%A2%E0%B8%AB%E0%B8%A3%E0%B8%B7%E0%B8%AD%E0%B8%87%E0%B8%B2/
รางวัลสนับสนุนการจัดทำข้อเสนอโครงการวิจัย บริการวิชาการและนวัตกรรม,http://www.en.kku.ac.th/web/4-%E0%B8%A3%E0%B8%B2%E0%B8%87%E0%B8%A7%E0%B8%B1%E0%B8%A5%E0%B8%AA%E0%B8%99%E0%B8%B1%E0%B8%9A%E0%B8%AA%E0%B8%99%E0%B8%B8%E0%B8%99%E0%B8%81%E0%B8%B2%E0%B8%A3%E0%B8%88%E0%B8%B1%E0%B8%94%E0%B8%97%E0%B8%B3/
รางวัลการอ้างอิงบทความ (Citation) ในฐานข้อมูล Scopus หรือ SCIE,http://www.en.kku.ac.th/web/5-%E0%B8%A3%E0%B8%B2%E0%B8%87%E0%B8%A7%E0%B8%B1%E0%B8%A5%E0%B8%81%E0%B8%B2%E0%B8%A3%E0%B8%AD%E0%B9%89%E0%B8%B2%E0%B8%87%E0%B8%AD%E0%B8%B4%E0%B8%87%E0%B8%9A%E0%B8%97%E0%B8%84%E0%B8%A7%E0%B8%B2/
ทุนเพื่อเข้าร่วมการนำเสนอผลงานวิจัยในการประชุมวิชาการนานาชาติ ทั้งในและต่างประเทศ,http://www.en.kku.ac.th/web/6-%E0%B8%97%E0%B8%B8%E0%B8%99%E0%B9%80%E0%B8%9E%E0%B8%B7%E0%B9%88%E0%B8%AD%E0%B9%80%E0%B8%82%E0%B9%89%E0%B8%B2%E0%B8%A3%E0%B9%88%E0%B8%A7%E0%B8%A1%E0%B8%81%E0%B8%B2%E0%B8%A3%E0%B8%99%E0%B8%B3/
ทุนวิจัยด้านวิศวกรรมโยธา,http://www.en.kku.ac.th/web/7-%E0%B8%97%E0%B8%B8%E0%B8%99%E0%B8%A7%E0%B8%B4%E0%B8%88%E0%B8%B1%E0%B8%A2%E0%B8%94%E0%B9%89%E0%B8%B2%E0%B8%99%E0%B8%A7%E0%B8%B4%E0%B8%8A%E0%B8%B2%E0%B8%A7%E0%B8%B4%E0%B8%A8%E0%B8%A7%E0%B8%81/
ทุนวิจัยเพื่อส่งเสริมศักยภาพการผลิตบัณฑิตระดับปริญญาเอก,http://www.en.kku.ac.th/web/8-%E0%B8%97%E0%B8%B8%E0%B8%99%E0%B8%A7%E0%B8%B4%E0%B8%88%E0%B8%B1%E0%B8%A2%E0%B9%80%E0%B8%9E%E0%B8%B7%E0%B9%88%E0%B8%AD%E0%B8%AA%E0%B9%88%E0%B8%87%E0%B9%80%E0%B8%AA%E0%B8%A3%E0%B8%B4%E0%B8%A1%E0%B8%A8/
ทุนสมทบโครงการวิจัยที่ได้รับการสนับสนุนจากแหล่งทุนภายนอก,http://www.en.kku.ac.th/web/9-%E0%B8%97%E0%B8%B8%E0%B8%99%E0%B8%AA%E0%B8%A1%E0%B8%97%E0%B8%9A%E0%B9%82%E0%B8%84%E0%B8%A3%E0%B8%87%E0%B8%81%E0%B8%B2%E0%B8%A3%E0%B8%A7%E0%B8%B4%E0%B8%88%E0%B8%B1%E0%B8%A2%E0%B8%97%E0%B8%B8%E0%B8%99/
ทุนกลุ่มวิจัย,http://www.en.kku.ac.th/web/10-%E0%B8%97%E0%B8%B8%E0%B8%99%E0%B8%81%E0%B8%A5%E0%B8%B8%E0%B9%88%E0%B8%A1%E0%B8%A7%E0%B8%B4%E0%B8%88%E0%B8%B1%E0%B8%A2/
ทุนวิจัยสถาบัน,http://www.en.kku.ac.th/web/11-%E0%B8%97%E0%B8%B8%E0%B8%99%E0%B8%A7%E0%B8%B4%E0%B8%88%E0%B8%B1%E0%B8%A2%E0%B8%AA%E0%B8%96%E0%B8%B2%E0%B8%9A%E0%B8%B1%E0%B8%99/
ทุนวิจัยที่มีความร่วมมือกับเครือข่ายความร่วมมือทั้งภายในและต่างประเทศที่มีข้อตกลงร่วมกับคณะหรือมหาวิทยาลัย,http://www.en.kku.ac.th/web/12-%E0%B8%97%E0%B8%B8%E0%B8%99%E0%B8%A7%E0%B8%B4%E0%B8%88%E0%B8%B1%E0%B8%A2%E0%B8%97%E0%B8%B5%E0%B9%88%E0%B8%A1%E0%B8%B5%E0%B8%84%E0%B8%A7%E0%B8%B2%E0%B8%A1%E0%B8%A3%E0%B9%88%E0%B8%A7%E0%B8%A1/
ทุนอุดหนุนการค้นคว้าและวิจัยในการทำวิทยานิพนธ์ ดุษฎีนิพนธ์หรือการศึกษาอิสระสำหรับนักศึกษาระดับบัณฑิตศึกษา และทุนอุดหนุนการทำโครงงานวิจัย (Project) สำหรับนักศึกษาระดับปริญญาตรี,http://www.en.kku.ac.th/web/13-%E0%B8%97%E0%B8%B8%E0%B8%99%E0%B8%AD%E0%B8%B8%E0%B8%94%E0%B8%AB%E0%B8%99%E0%B8%B8%E0%B8%99%E0%B8%81%E0%B8%B2%E0%B8%A3%E0%B8%84%E0%B9%89%E0%B8%99%E0%B8%84%E0%B8%A7%E0%B9%89%E0%B8%B2%E0%B9%81/
ทุนวิจัยเพื่อพัฒนาต้นแบบงานนวัตกรรม,http://www.en.kku.ac.th/web/14-%E0%B8%97%E0%B8%B8%E0%B8%99%E0%B8%A7%E0%B8%B4%E0%B8%88%E0%B8%B1%E0%B8%A2%E0%B9%80%E0%B8%9E%E0%B8%B7%E0%B9%88%E0%B8%AD%E0%B8%9E%E0%B8%B1%E0%B8%92%E0%B8%99%E0%B8%B2%E0%B8%95%E0%B9%89%E0%B8%99/
ทุนวิจัยเพื่อส่งเสริมศักยภาพการผลิตบัณฑิตระดับปริญญาโท,http://www.en.kku.ac.th/web/15-%E0%B8%97%E0%B8%B8%E0%B8%99%E0%B8%A7%E0%B8%B4%E0%B8%88%E0%B8%B1%E0%B8%A2%E0%B9%80%E0%B8%9E%E0%B8%B7%E0%B9%88%E0%B8%AD%E0%B8%AA%E0%B9%88%E0%B8%87%E0%B9%80%E0%B8%AA%E0%B8%A3%E0%B8%B4%E0%B8%A1/
การสนับสนุนการตีพิมพ์ผลงานวิจัยในวารสารวิชาการระดับนานาชาติ  มหาวิทยาลัยขอนแก่น,https://rad.kku.ac.th/Menu_support/publication.php
ทุนเพื่อเข้าร่วมการนำเสนอผลงานวิจัย ผลงานทางวิชาการ การแสดงผลงานทางศิลปะ การออกแบบสถาปัตยกรรม นวัตกรรม และสิ่งประดิษฐ์ ในการประชุมวิชาการนานาชาติในต่างประเทศ,https://rad.kku.ac.th/Menu_support/presentation.php
การดำเนินการขอทุนและการรับทุนวิจัยจากหน่วยงานภายนอก (Flow Chart) (ภาพรวม),http://www.en.kku.ac.th/web/%E0%B8%81%E0%B8%B2%E0%B8%A3%E0%B8%94%E0%B8%B3%E0%B9%80%E0%B8%99%E0%B8%B4%E0%B8%99%E0%B8%81%E0%B8%B2%E0%B8%A3%E0%B8%82%E0%B8%AD%E0%B8%97%E0%B8%B8%E0%B8%99%E0%B9%81%E0%B8%A5%E0%B8%B0%E0%B8%81%E0%B8%B2/
การทำเอกสารประกอบการยื่นขอรับทุนภายนอก (Flow Chart และแบบฟอร์มเอกสารประกอบ),http://www.en.kku.ac.th/web/%E0%B8%81%E0%B8%B2%E0%B8%A3%E0%B8%97%E0%B8%B3%E0%B9%80%E0%B8%AD%E0%B8%81%E0%B8%AA%E0%B8%B2%E0%B8%A3%E0%B8%9B%E0%B8%A3%E0%B8%B0%E0%B8%81%E0%B8%AD%E0%B8%9A%E0%B8%81%E0%B8%B2%E0%B8%A3%E0%B8%A2%E0%B8%B7/
การทำเอกสารประกอบเมื่อได้รับแจ้งผลอนุมัติทุนแล้ว (Flow Chart และแบบฟอร์มเอกสารประกอบ),http://www.en.kku.ac.th/web/%E0%B8%81%E0%B8%B2%E0%B8%A3%E0%B8%97%E0%B8%B3%E0%B9%80%E0%B8%AD%E0%B8%81%E0%B8%AA%E0%B8%B2%E0%B8%A3%E0%B8%9B%E0%B8%A3%E0%B8%B0%E0%B8%81%E0%B8%AD%E0%B8%9A%E0%B9%80%E0%B8%A1%E0%B8%B7%E0%B9%88%E0%B8%AD/
การขอให้ออกใบเสร็จรับเงิน และการขอเบิกจ่ายเงินทุน (Flow Chart และแบบฟอร์มเอกสารประกอบ),http://www.en.kku.ac.th/web/%E0%B8%81%E0%B8%B2%E0%B8%A3%E0%B8%82%E0%B8%AD%E0%B9%83%E0%B8%AB%E0%B9%89%E0%B8%AD%E0%B8%AD%E0%B8%81%E0%B9%83%E0%B8%9A%E0%B9%80%E0%B8%AA%E0%B8%A3%E0%B9%87%E0%B8%88%E0%B8%A3%E0%B8%B1%E0%B8%9A%E0%B9%80/
สืบค้นผลงานตีพิมพ์,1.Scimago Journal & Country Rank 2.Scopus 3.ศูนย์ดัชนีการอ้างอิงวารสารไทย 4.ISI Web of Science
บทความตีพิมพ์,https://www.en.kku.ac.th/web/2883-2/
แหล่งทุน,https://www.en.kku.ac.th/web/%e0%b9%81%e0%b8%ab%e0%b8%a5%e0%b9%88%e0%b8%87%e0%b8%97%e0%b8%b8%e0%b8%99/
เครื่องมือวิจัย,https://ric.kku.ac.th/
กลุ่ม/ศูนย์วิจัย/สถาบันวิจัยในคณะวิศวกรรมศาสตร์,http://www.en.kku.ac.th/web/%E0%B8%81%E0%B8%A5%E0%B8%B8%E0%B9%88%E0%B8%A1-%E0%B8%A8%E0%B8%B9%E0%B8%99%E0%B8%A2%E0%B9%8C%E0%B8%A7%E0%B8%B4%E0%B8%88%E0%B8%B1%E0%B8%A2-%E0%B8%AA%E0%B8%96%E0%B8%B2%E0%B8%9A%E0%B8%B1%E0%B8%99-2/
ความรู้เบื้องต้นด้านทรัพย์สินทางปัญญา,https://www.en.kku.ac.th/web/%E0%B8%84%E0%B8%A7%E0%B8%B2%E0%B8%A1%E0%B8%A3%E0%B8%B9%E0%B9%89%E0%B9%80%E0%B8%9A%E0%B8%B7%E0%B9%89%E0%B8%AD%E0%B8%87%E0%B8%95%E0%B9%89%E0%B8%99%E0%B8%94%E0%B9%89%E0%B8%B2%E0%B8%99%E0%B8%97%E0%B8%A3/
ประกาศและระเบียบต่างๆ,https://www.en.kku.ac.th/web/%E0%B8%9B%E0%B8%A3%E0%B8%B0%E0%B8%81%E0%B8%B2%E0%B8%A8%E0%B9%81%E0%B8%A5%E0%B8%B0%E0%B8%A3%E0%B8%B0%E0%B9%80%E0%B8%9A%E0%B8%B5%E0%B8%A2%E0%B8%9A%E0%B8%95%E0%B9%88%E0%B8%B2%E0%B8%87%E0%B9%86/
การขอรับความคุ้มครอง,https://www.en.kku.ac.th/web/%E0%B8%81%E0%B8%B2%E0%B8%A3%E0%B8%82%E0%B8%AD%E0%B8%A3%E0%B8%B1%E0%B8%9A%E0%B8%84%E0%B8%A7%E0%B8%B2%E0%B8%A1%E0%B8%84%E0%B8%B8%E0%B9%89%E0%B8%A1%E0%B8%84%E0%B8%A3%E0%B8%AD%E0%B8%87/
ข้อมูลทรัพย์สินทางปัญญา,https://www.en.kku.ac.th/web/2883-2/
ประกาศแนวปฏิบัติความร่วมมือทางวิชาการ ฉบับที่ 715/2563,https://www.en.kku.ac.th/web/wp-content/uploads/2020/05/1-%E0%B8%9B%E0%B8%A3%E0%B8%B0%E0%B8%81%E0%B8%B2%E0%B8%A8-715-2563_%E0%B9%81%E0%B8%99%E0%B8%A7%E0%B8%9B%E0%B8%8E%E0%B8%B4%E0%B8%9A%E0%B8%B1%E0%B8%95%E0%B8%B4%E0%B8%81%E0%B8%B2%E0%B8%A3%E0%B8%97%E0%B8%B3%E0%B8%84%E0%B8%A7%E0%B8%B2%E0%B8%A1%E0%B8%A3%E0%B9%88%E0%B8%A7%E0%B8%A1%E0%B8%A1%E0%B8%B7%E0%B8%AD%E0%B8%97%E0%B8%B2%E0%B8%87.pdf
แบบฟอร์มบันทึกบันทึกความเข้าใจร่วมมือทางวิชาการ (MOU),https://www.en.kku.ac.th/web/wp-content/uploads/2020/05/2-%E0%B9%81%E0%B8%9A%E0%B8%9A%E0%B8%9F%E0%B8%AD%E0%B8%A3%E0%B9%8C%E0%B8%A1-MOU-%E0%B8%A0%E0%B8%B2%E0%B8%84%E0%B9%80%E0%B8%AD%E0%B8%81%E0%B8%8A%E0%B8%99-Thai-Version.doc
แบบฟอร์มบันทึกข้อตกลงความร่วมมือ (MOA),https://www.en.kku.ac.th/web/wp-content/uploads/2020/05/4-%E0%B9%81%E0%B8%9A%E0%B8%9A%E0%B8%9F%E0%B8%AD%E0%B8%A3%E0%B9%8C%E0%B8%A1-MOA-%E0%B8%A0%E0%B8%B2%E0%B8%84%E0%B9%80%E0%B8%AD%E0%B8%81%E0%B8%8A%E0%B8%99-Thai-Version.docx
ขั้นตอนการจัดทำ MOU,https://www.en.kku.ac.th/web/wp-content/uploads/2020/06/%E0%B9%82%E0%B8%9F%E0%B8%A3%E0%B9%8C%E0%B8%8A%E0%B8%B2%E0%B8%A3%E0%B9%8C%E0%B8%95-%E0%B8%81%E0%B8%B2%E0%B8%A3%E0%B8%AA%E0%B9%88%E0%B8%87-MOU-%E0%B8%A0%E0%B8%B2%E0%B8%A9%E0%B8%B2%E0%B9%84%E0%B8%97%E0%B8%A2-%E0%B8%A0%E0%B8%B2%E0%B8%A2%E0%B9%83%E0%B8%99%E0%B8%84%E0%B8%93%E0%B8%B0%E0%B8%96%E0%B8%B6%E0%B8%87%E0%B8%A1%E0%B8%82.pdf
ใบคำร้องขอพิจารณา MOU,https://www.en.kku.ac.th/web/wp-content/uploads/2020/11/%E0%B9%83%E0%B8%9A%E0%B8%84%E0%B8%B3%E0%B8%A3%E0%B9%89%E0%B8%AD%E0%B8%87%E0%B8%82%E0%B8%AD%E0%B8%9E%E0%B8%B4%E0%B8%88%E0%B8%B2%E0%B8%A3%E0%B8%93%E0%B8%B2-MOU-%E0%B8%A0%E0%B8%B2%E0%B8%A9%E0%B8%B2%E0%B9%84%E0%B8%97%E0%B8%A2-Ver-%E0%B8%A3%E0%B8%A7%E0%B8%A1%E0%B8%82%E0%B9%89%E0%B8%AD%E0%B8%A1%E0%B8%B9%E0%B8%A5%E0%B8%82%E0%B8%AD%E0%B8%87-%E0%B8%A1%E0%B8%82.pdf
ประกาศการจัดทำ MOU กับสถาบันต่างประเทศ,https://www.en.kku.ac.th/web/wp-content/uploads/2020/05/%E0%B8%9B%E0%B8%A3%E0%B8%B0%E0%B8%81%E0%B8%B2%E0%B8%A8%E0%B9%81%E0%B8%99%E0%B8%A7%E0%B8%97%E0%B8%B2%E0%B8%87%E0%B8%9B%E0%B8%8F%E0%B8%B4%E0%B8%9A%E0%B8%B1%E0%B8%95%E0%B8%B4-MOU-2.pdf
แบบฟอร์ม MOU กับสถาบันการศึกษา/สถาบันวิจัย/หน่วยงานอื่นๆ,https://www.en.kku.ac.th/web/wp-content/uploads/2020/05/MOU-Templete-_January2016.docx
แบบฟอร์ม MOU กับภาคเอกชน,https://www.en.kku.ac.th/web/wp-content/uploads/2020/05/3-%E0%B9%81%E0%B8%9A%E0%B8%9A%E0%B8%9F%E0%B8%AD%E0%B8%A3%E0%B9%8C%E0%B8%A1-MOU-%E0%B8%A0%E0%B8%B2%E0%B8%84%E0%B9%80%E0%B8%AD%E0%B8%81%E0%B8%8A%E0%B8%99-Eng-Version.docx
ใบคำร้องขอพิจารณา MOU (อังกฤษ),https://www.en.kku.ac.th/web/wp-content/uploads/2020/08/%E0%B9%83%E0%B8%9A%E0%B8%84%E0%B8%B3%E0%B8%A3%E0%B9%89%E0%B8%AD%E0%B8%87%E0%B8%82%E0%B8%AD%E0%B8%9E%E0%B8%B4%E0%B8%88%E0%B8%B2%E0%B8%A3%E0%B8%93%E0%B8%B2-MOU-%E0%B8%A0%E0%B8%B2%E0%B8%A9%E0%B8%B2%E0%B8%AD%E0%B8%B1%E0%B8%87%E0%B8%81%E0%B8%A4%E0%B8%A9.pdf
แบบฟอร์มเสนอการจัดทำ MOU,https://drive.google.com/file/d/1YxW0WjhZDoqyiQWZOAUyYeEP_HbTl2hM/view
ขั้นตอนการจัดทำ MOU ของคณะฯ ร่วมกับสถาบันต่างประเทศ,https://www.en.kku.ac.th/web/wp-content/uploads/2020/05/%E0%B8%82%E0%B8%B1%E0%B9%89%E0%B8%99%E0%B8%95%E0%B8%AD%E0%B8%99%E0%B8%81%E0%B8%B2%E0%B8%A3%E0%B8%88%E0%B8%B1%E0%B8%94%E0%B8%97%E0%B8%B3MOU_%E0%B8%A0%E0%B8%B2%E0%B8%A2%E0%B9%83%E0%B8%99%E0%B8%84%E0%B8%93%E0%B8%B0.docx
Check List เอกสารการนำเสนอการจัดทำ MOU,https://www.en.kku.ac.th/web/wp-content/uploads/2020/05/Check-list-%E0%B9%80%E0%B8%AD%E0%B8%81%E0%B8%AA%E0%B8%B2%E0%B8%A3%E0%B8%97%E0%B8%B5%E0%B9%88%E0%B8%88%E0%B8%B0%E0%B9%80%E0%B8%AA%E0%B8%99%E0%B8%AD%E0%B8%81%E0%B8%B2%E0%B8%A3%E0%B8%88%E0%B8%B1%E0%B8%94%E0%B8%97%E0%B8%B3-MOU.docx
MOU Q&A,https://iad.kku.ac.th/mou/FAQ-MOU-update-11072017.pdf
ผู้ประสาน MOU ภาษาไทย,คุณจตุพร พิทักษ์พลรัตน์   โทร. 043-009-700 ต่อ 50216 หรือ เบอร์ภายใน  50216    email: pjatup@kku.ac.th
ผู้ประสาน MOU ภาษาอังกฤษ,คุณบุษราภรณ์ อินทร์ตาแสง  โทร. 043-009-700 ต่อ 50215 หรือ เบอร์ภายใน  50215    email: kookkai@kku.ac.th
จตุพร พิทักษ์พลรัตน์   ,ผู้ประสาน MOU ภาษาไทย โทร. 043-009-700 ต่อ 50216 หรือ เบอร์ภายใน  50216    email: pjatup@kku.ac.th
บุษราภรณ์ อินทร์ตาแสง ,ผู้ประสาน MOU ภาษาอังกฤษ โทร. 043-009-700 ต่อ 50215 หรือ เบอร์ภายใน  50215    email: kookkai@kku.ac.th
ระดับการลงนามต้องเป็นระดับมหาวิทยาลัยหรือไม่,หากเป็นข้อตกลงเฉพาะคณะ ให้ลงนามในระดับคณะ แต่สามารถขยายเป็นระดับมหาวิทยาลัยในอนาคตได้ https://ird.kku.ac.th/
ใครเป็นผู้ลงนามในข้อตกลงได้,ต้องเป็นบุคคลที่มีอำนาจลงนามตามประกาศมหาวิทยาลัยขอนแก่น ฉบับที่ 1386/2550
มี template MOU ของมหาวิทยาลัยขอนแก่นหรือไม่,มี สามารถดาวน์โหลดได้ที่ https://ird.kku.ac.th/ เลือกเมนู “MOU” และ “MOU process info.
ข้อตกลงความร่วมมือด้านหลักสูตรร่วมต้องผ่านการอนุมัติจากใคร,ต้องได้รับความเห็นชอบจากคณะกรรมการกลั่นกรองหลักสูตร และคณะกรรมการบริหารมหาวิทยาลัย
MOU ด้านทรัพย์สินทางปัญญาและกฎหมายต้องใช้เวลาดำเนินการนานเท่าใด,ใช้เวลา 4-6 สัปดาห์ และต้องได้รับความเห็นชอบจากที่ปรึกษาด้านกฎหมายของมหาวิทยาลัย
สามารถลงนามใน MOU ก่อนแล้วแจ้งภายหลังได้หรือไม่,ควรรอให้ MOU ได้รับการเห็นชอบก่อนจึงลงนาม หากลงนามก่อน สถานะจะเป็นเพียงการรับทราบ
สามารถตรวจสอบสถานะ MOU ได้อย่างไร,สามารถตรวจสอบได้ในระบบฐานข้อมูล IRIS ที่ http://iris.kku.ac.th/
เครื่องผลิตน้ำมันเบนซินและดีเซลชีวภาพจากยางพาราแบบต่อเนื่อง,https://youtu.be/CX9H-gAj7L4
ระบบขับขี่อัจฉริยะไร้คนขับ,https://youtu.be/LiDLl8ljy4M
ตู้ตรวจสุขภาพอัจฉริยะ “สุขศาลา”,https://www.youtube.com/watch?v=WUQZ7cIr0Qo
รศ.ดร.กิตติพงษ์ ลาลุน,เครื่องผลิตน้ำมันเบนซินและดีเซลชีวภาพจากยางพาราแบบต่อเนื่อง
รศ. ดร.ธนา ราษฎร์ภักดี,ระบบขับขี่อัจฉริยะไร้คนขับ
อ.ดร.ชวิศ ศรีจันทร์,ตู้ตรวจสุขภาพอัจฉริยะ “สุขศาลา”
สารออกฤทธิ์ทางชีวภาพสำหรับชะลอการสุกของผลไม้คืออะไร?,เป็นสารที่ช่วยยืดอายุการเก็บรักษาผลไม้โดยลดอัตราการสุก
ใครเป็นผู้ศึกษาเกี่ยวกับสารออกฤทธิ์ทางชีวภาพสำหรับชะลอการสุกของผลไม้?,รศ. ดร. พรนภา เกษมศิริ จากสาขาวิศวกรรมเคมี
โครงการศึกษาการปรับปรุงองค์กรการบริหารจัดการทรัพยากรน้ำมีใครเป็นผู้ดำเนินการ?,ผศ.ดร.กิตติเวช ขันติยวิชัย
โครงการสร้างภาพย้อนรอยสถานการณ์ความมั่นคงของเส้นทางในพื้นที่เสี่ยงภัยศึกษาโดยใคร?,รศ. ดร.พนกฤษณ คลังบุญครอง
โครงการศึกษาออกแบบรายละเอียดระบบขนส่งสาธารณะในเขตจังหวัดขอนแก่นมีจุดประสงค์อะไร?,เพื่อออกแบบระบบขนส่งให้เหมาะสมและประเมินผลกระทบต่อสิ่งแวดล้อม
การประยุกต์ใช้เทคโนโลยีเซลล์จุลินทรีย์ตรึงใช้ในด้านใด?,ใช้ในงานด้านสิ่งแวดล้อม
โปรแกรมเฝ้าระวังภัยน้ำท่วมภายใต้แบบจำลองอุทกวิทยาคืออะไร?,เป็นแอปพลิเคชันที่ช่วยติดตามและแจ้งเตือนสถานการณ์น้ำท่วม
ระบบควบคุมน้ำอัตโนมัติสำหรับเลี้ยงปลานิลมีประโยชน์อย่างไร?,ช่วยเพิ่มผลผลิต ลดผลกระทบต่อสิ่งแวดล้อม และทำให้การเลี้ยงปลามีประสิทธิภาพมากขึ้น
เครื่อง NIR ใช้วัดอะไร?,ใช้วัดคุณภาพมันสำปะหลังได้อย่างรวดเร็ว
เตาปิ้งย่างไร้ควันมีข้อดีอย่างไร?,ลดควันที่เกิดจากการปิ้งย่าง ทำให้ปลอดภัยต่อสุขภาพและสิ่งแวดล้อม
การให้บริการตรวจวัดสภาพไร่ด้วยภาพถ่ายทางอากาศจากโดรนมีประโยชน์อะไร?,ช่วยเกษตรกรติดตามสภาพไร่ได้แม่นยำและรวดเร็วขึ้น
ระบบควบคุมการทำงานอัตโนมัติคืออะไร?,เป็นระบบที่ใช้เทคโนโลยีคอมพิวเตอร์เพื่อควบคุมการทำงานของเครื่องจักร
นวัตกรรมโดรนเพื่ออุตสาหกรรมอ้อยและน้ำตาลช่วยอะไร?,ช่วยในการดูแลพืชผลและเพิ่มประสิทธิภาพการผลิตอ้อยและน้ำตาล
โปรแกรมตรวจจับผู้ฝ่าฝืนสัญญาณไฟจราจรช่วยลดอุบัติเหตุอย่างไร?,ช่วยตรวจจับและบันทึกข้อมูลของผู้ฝ่าฝืนเพื่อใช้ในการบังคับใช้กฎหมาย
ระบบการบริหารจัดการน้ำในไร่อ้อยมีเป้าหมายอะไร?,เพื่อเพิ่มประสิทธิภาพการใช้น้ำและสนับสนุนการผลิตอ้อยอย่างยั่งยืน
เครื่องพิมพ์สามมิติสามารถใช้ทำอะไรได้บ้าง?,สามารถสร้างชิ้นส่วนต้นแบบและผลิตชิ้นงานที่ซับซ้อนได้
โครงการศึกษาออกแบบรายละเอียดระบบขนส่งสาธารณะในเขตจังหวัดขอนแก่นและผลกระทบสิ่งแวดล้อม,การศึกษาและออกแบบระบบขนส่งสาธารณะ
การประยุกต์ใช้เทคโนโลยีเซลล์จุลินทรีย์ตรึง เพื่องานด้านสิ่งแวดล้อม,วิจัยเทคโนโลยีเซลล์จุลินทรีย์สำหรับสิ่งแวดล้อม
โครงการศึกษาติดตามและประเมินผลการบริหารจัดการทรัพยากรน้ำ,การศึกษาและติดตามการจัดการทรัพยากรน้ำ
โปรแกรมและแอปพลิเคชั่นเฝ้าระวังภัยน้ำท่วมภายใต้แบบจำลองอุทกวิทยา,พัฒนาโปรแกรมเฝ้าระวังน้ำท่วม
ระบบต้นแบบเพื่อผลิตน้ำแข็งให้เกิดประสิทธิภาพ,พัฒนาระบบการผลิตน้ำแข็งที่มีประสิทธิภาพ
รศ. ดร.พนกฤษณ คลังบุญครอง (สาขาวิชาวิศวกรรมโยธา),โครงการศึกษาออกแบบรายละเอียดระบบขนส่งสาธารณะในเขตจังหวัดขอนแก่นและผลกระทบสิ่งแวดล้อม
รศ. ดร. สุมนา ราษฎร์ภักดี (สาขาวิชาวิศวกรรมสิ่งแวดล้อม),การประยุกต์ใช้เทคโนโลยีเซลล์จุลินทรีย์ตรึง เพื่องานด้านสิ่งแวดล้อม
ผศ.ดร.กิตติเวช ขันติยวิชัย (ผู้อำนวยการสถาบันแหล่งน้ำและสิ่งแวดล้อม),โครงการศึกษาติดตามและประเมินผลการบริหารจัดการทรัพยากรน้ำ
รศ.ดร.ศุภสิทธิ์ คนใหญ่ (สาขาวิชาวิศวกรรมเกษตร),โปรแกรมและแอปพลิเคชั่นเฝ้าระวังภัยน้ำท่วมภายใต้แบบจำลองอุทกวิทยา
รศ. ดร. อนุสรณ์ ชินสุวรรณ (สาขาวิชาวิศกรรมเครื่องกล),ระบบต้นแบบเพื่อผลิตน้ำแข็งให้เกิดประสิทธิภาพ
อุปกรณ์สำหรับเคลือบผิวโลหะด้วยไฟฟ้าแบบพกพา,พัฒนาอุปกรณ์เคลือบผิวโลหะแบบพกพา
จีโอโพลิเมอร์คอนกรีตพรุน,วิจัยพัฒนาคอนกรีตพรุนด้วยเทคโนโลยีจีโอโพลิเมอร์
Wireless Internet of Things WIoT using LoRaWAN Technology,พัฒนาระบบอินเทอร์เน็ตของสรรพสิ่งแบบไร้สาย
ระบบควบคุมน้ำอัตโนมัติเลี้ยงปลานิลในบ่อน้ำระบบหมุนเวียน,พัฒนาระบบเลี้ยงปลานิลอัตโนมัติ
เครื่อง NIR วัดคุณภาพมันสำปะหลังแบบรวดเร็ว,พัฒนาเครื่องมือวัดคุณภาพมันสำปะหลัง
เตาปิ้งย่างไร้ควัน (Smokeless grilled stove),ออกแบบเตาปิ้งย่างที่ลดมลพิษ
การให้บริการตรวจวัดสภาพไร่ด้วยภาพถ่ายทางอากาศจากโดรน,พัฒนาระบบสำรวจไร่ด้วยโดรน
ต้นแบบ Negative Patient Transfer Bed,พัฒนาเตียงเคลื่อนย้ายผู้ป่วยความดันลบ
อุปกรณ์ตู้ UVC และ UVC station เพื่อฆ่าเชื้อไวรัสบนหน้ากากอนามัย,พัฒนาอุปกรณ์ฆ่าเชื้อโรค
รศ.ดร.ปาพจน์ เจริญอภิบาล (สาขาวิชาวิศวกรรมอุตสาหการ),อุปกรณ์สำหรับเคลือบผิวโลหะด้วยไฟฟ้าแบบพกพา
อ.ดร. อำพล วงศ์ษา (สาขาวิชาวิศวกรรมโยธา),จีโอโพลิเมอร์คอนกรีตพรุน
รศ.ดร.ศราวุธ ชัยมูล (สาขาวิชาวิศวกรรมไฟฟ้า),Wireless Internet of Things WIoT using LoRaWAN Technology
รศ.ดร.ศราวุธ ชัยมูล (สาขาวิชาวิศวกรรมไฟฟ้า),ระบบควบคุมน้ำอัตโนมัติเลี้ยงปลานิลในบ่อน้ำระบบหมุนเวียน
ผศ.ดร. เจษฎา โพธิ์สม (สาขาวิชาวิศวกรรมเกษตร),เครื่อง NIR วัดคุณภาพมันสำปะหลังแบบรวดเร็ว
รศ.ดร.กันยรัตน์ โหละสุต (สาขาวิชาวิศวกรรมเคมี),เตาปิ้งย่างไร้ควัน (Smokeless grilled stove)
รศ.ดร.ขวัญตรี แสงประชาธนารักษ์ (สาขาวิชาวิศวกรรมเกษตร),การให้บริการตรวจวัดสภาพไร่ด้วยภาพถ่ายทางอากาศจากโดรน
วนิดา แก่นอากาศ,รองคณบดีฝ่ายวิจัย นวัตกรรม และการต่างประเทศ
ใครคือรองคณบดีฝ่ายวิจัย นวัตกรรม และการต่างประเทศ,ศาสตราจารย์วนิดา แก่นอากาศ
อีเมลของรองคณบดีฝ่ายวิจัยคือ,wanida@kku.ac.th
ใครคือผู้ช่วยคณบดีฝ่ายบัณฑิตศึกษาและวิเทศสัมพันธ์,รองศาสตราจารย์ปนิทัศน์ สุรียธนาภาส
หัวหน้างานวิจัย บัณฑิตศึกษาและการต่างประเทศคือใคร,สุกัญญา วรรณสิทธิ์
เบอร์โทรภายในของสุกัญญา วรรณสิทธิ์,45601
หัวหน้าหน่วยส่งเสริมวิจัยและนวัตกรรมคือใคร,จตุพร พิทักษ์พลรัตน์
อีเมลของจตุพร พิทักษ์พลรัตน์,pjatup@kku.ac.th
ผู้ดูแลงานวารสารการตีพิมพ์คือใคร,นันทวรรณ ชาญวิชา
หัวหน้าหน่วยการต่างประเทศคือใคร,บุษราภรณ์ อินทร์ตาแสง
เบอร์โทรภายในของบุษราภรณ์ อินทร์ตาแสง,50215
ใครรับผิดชอบงานทรัพย์สินทางปัญญาและเครื่องมือวิจัย,หทัยภัทร ไชยนาพันธ์
เบอร์โทรภายในของหทัยภัทร ไชยนาพันธ์,50217
อีเมลของหทัยภัทร ไชยนาพันธ์,hatach@kku.ac.th
ใครรับผิดชอบงานการต่างประเทศ,ทิพากร ชัยสงค์
เบอร์โทรภายในของทิพากร ชัยสงค์,45641
อีเมลของทิพากร ชัยสงค์,tipach@kku.ac.th
หน่วยงานที่รับผิดชอบทุนวิจัย,หน่วยส่งเสริมวิจัยและนวัตกรรม
ประเภทของทุนวิจัยที่สนับสนุน,กองทุนวิจัยคณะฯ / ทุนวิจัยภายนอก มข. / ทุนวิจัยและการสนับสนุนผลงานด้านการวิจัย จาก มข.
หน่วยงานที่ดูแลเรื่อง MOU ภาษาไทย,งานวิจัย บัณฑิตศึกษาและการต่างประเทศ
หน่วยงานที่ดูแลเรื่อง MOU ภาษาอังกฤษ,หน่วยการต่างประเทศ
หน่วยงานใดรับผิดชอบเรื่องวารสารการตีพิมพ์,หน่วยส่งเสริมวิจัยและนวัตกรรม
ชื่อผู้รับผิดชอบงานวารสารการตีพิมพ์,นันทวรรณ ชาญวิชา
เบอร์โทรติดต่อนันทวรรณ ชาญวิชา,45600
หน่วยงานที่ดูแลทุนอุดหนุนระดับตรี โท เอก,หน่วยส่งเสริมวิจัยและนวัตกรรม
ใครสามารถให้คำปรึกษาเรื่อง MOU ภาษาไทย,สุกัญญา วรรณสิทธิ์
ใครสามารถให้คำปรึกษาเรื่อง MOU ภาษาอังกฤษ,บุษราภรณ์ อินทร์ตาแสง
หน่วยงานหลักที่ดูแลด้านการวิจัยของคณะวิศวกรรมศาสตร์,หน่วยส่งเสริมวิจัยและนวัตกรรม
ช่องทางการติดต่อหน่วยการต่างประเทศ,อีเมล kookkai@kku.ac.th หรือโทร 50215
หน่วยงานที่รับผิดชอบเรื่องทรัพย์สินทางปัญญา,หน่วยส่งเสริมวิจัยและนวัตกรรม
ช่องทางการติดต่อเรื่องทรัพย์สินทางปัญญา,หทัยภัทร ไชยนาพันธ์ โทร 50217
หน่วยงานที่ให้การสนับสนุนทุนวิจัยภายในมหาวิทยาลัย,กองทุนวิจัยคณะวิศวกรรมศาสตร์
ประเภทของทุนวิจัยที่มีการสนับสนุน,ทุนวิจัยภายนอก มข. / ทุนอุดหนุนระดับตรี โท เอก
ช่องทางการติดต่อเรื่องทุนวิจัย,จตุพร พิทักษ์พลรัตน์ โทร 50216
หน่วยงานที่ให้คำปรึกษาเรื่องเครื่องมือวิจัย,หน่วยส่งเสริมวิจัยและนวัตกรรม
ผู้รับผิดชอบงานเครื่องมือวิจัย,หทัยภัทร ไชยนาพันธ์
ช่องทางการติดต่อเรื่องเครื่องมือวิจัย,อีเมล hatach@kku.ac.th หรือโทร 50217
หน่วยงานที่ดูแลการตีพิมพ์ผลงานวิชาการ,หน่วยส่งเสริมวิจัยและนวัตกรรม
ผู้ประสานงานด้านการตีพิมพ์,นันทวรรณ ชาญวิชา
ช่องทางการติดต่อเรื่องวารสารการตีพิมพ์,อีเมล nantach@kku.ac.th หรือโทร 45600
หน่วยงานหลักในการส่งเสริมนวัตกรรม,หน่วยส่งเสริมวิจัยและนวัตกรรม
ผู้อำนวยการหน่วยส่งเสริมวิจัยและนวัตกรรม,จตุพร พิทักษ์พลรัตน์
ประเภทของทุนวิจัยที่มีการสนับสนุน,1. กองทุนวิจัยคณะฯ 2. ทุนวิจัยภายนอก มข. 3. ทุนวิจัยและการสนับสนุนผลงานด้านการวิจัย จาก มข.
อีเมลสำหรับติดต่องานวิจัย,sukanyawa@kku.ac.th
ลักษณะของกองทุนวิจัยคณะฯ,ทุนสนับสนุนการวิจัยภายในคณะวิศวกรรมศาสตร์
ประเภทของทุนวิจัยภายนอก มข.,ทุนสนับสนุนจากแหล่งทุนภายนอกมหาวิทยาลัยขอนแก่น
ประเภทการสนับสนุนผลงานด้านการวิจัย,การสนับสนุนการตีพิมพ์ การนำเสนอผลงาน และรางวัลนักวิจัย
" Faculty of Engineering, Khon Kaen University ",https://www.facebook.com/EngineeringKKU
ENKKU International Affairs,https://www.facebook.com/ENKKUIA
Engineering and Applied Science Research (EASR),https://www.tci-thaijo.org/index.php/easr/index
ฝ่ายวิจัยและบริการวิชาการ มข.,https://research.kku.ac.th/
กองบริหารงานวิจัย มข.,https://ora.kku.ac.th/index.asp?go2=cls
ศูนย์เครื่องมือวิจัย มหาวิทยาลัยขอนแก่น,https://ric.kku.ac.th/
Khon Kaen University – มหาวิทยาลัยขอนแก่น,https://www.kku.ac.th/?l=th
ศูนย์ทรัพย์สินทางปัญญา มหาวิทยาลัยขอนแก่น ,https://ip.kku.ac.th/
เบอร์โทรติดต่อหน่วยงานคณะ,https://www.en.kku.ac.th/web/%E0%B9%80%E0%B8%9A%E0%B8%AD%E0%B8%A3%E0%B9%8C%E0%B8%95%E0%B8%B4%E0%B8%94%E0%B8%95%E0%B9%88%E0%B8%AD/